,Stock,Slope,Intercept,R-squared,R
0,Stock 1,0.5561129608601512,-0.022479255857433517,,0.6477583282813164
1,Stock 2,0.510629855743065,0.016164429077489405,,0.4567401016190686
2,Stock 3,0.5541170146984628,0.035853434167863865,,0.6365761790050881
3,Stock 4,0.5145414925405916,0.08295086451004022,,0.5659036246601756
4,Stock 5,0.6283821478823876,0.05735084644254694,,0.4349073931396033
